review_id,rating_date,employee_length,employee_status,employee_type,flags_business_outlook,flags_ceo_approval,flags_recommend_frend,rating_culture_values,rating_diversity_inclusion,rating_overall,rating_work_life,career_opportunities_rating,employee_location,employee_job_title,advice_to_management,review_pros,review_cons,rating_senior_leadership,rating_compensation_benefits,cleaned_text,sentiment_polarity,sentiment_subjectivity,sentiment_label,platform,S No.,Link,Upload Date,Views,Likes,Comments,Transcript/Transcript Link,Theme,segment
1.0,2025-06-03T00:00:00.000Z,0,REGULAR,Current employee,NAN,NAN,NAN,0.0,0.0,3.0,0.0,,"Richmond, VA",Warehouse Fulfillment Associate,don’t micro manage,interactive leave take whenever long time easy work,inhumane draining physically amp mentally,0.0,0.0,interactive leave take whenever long time easy work inhumane draining physically amp mentally,-0.1233333333,0.4952380952,negative,Glassdoor,,,,,,,,Burnout,Full-Time Associate
2.0,2025-05-29T00:00:00.000Z,1,CONTRACT,"Current employee, less than 1 year",POSITIVE,APPROVE,POSITIVE,5.0,5.0,4.0,3.0,,"Brampton, ON",Warehouse Associate,remove attitude manager warehouse,good easy work enviorment,sticks rules completing targets otherwise get warning,3.0,5.0,good easy work enviorment sticks rules completing targets otherwise get warning,0.5666666667,0.7166666667,positive,Glassdoor,,,,,,,,Infrastructure,Other
3.0,2025-05-28T00:00:00.000Z,1,REGULAR,"Current employee, less than 1 year",POSITIVE,APPROVE,POSITIVE,5.0,5.0,5.0,5.0,,"Bolton, ON",Warehouse Associate,,help grow good pay,limited opportunities advancementno clear path promotion,5.0,5.0,help grow good pay limited opportunities advancementno clear path promotion,0.2428571429,0.3753968254,positive,Glassdoor,,,,,,,,Benefits,Full-Time Associate
4.0,2025-05-26T00:00:00.000Z,2,PART_TIME,Current employees,POSITIVE,APPROVE,POSITIVE,2.0,2.0,3.0,2.0,,"Swedesboro, NJ",Employee,,plenty work meet new people,tough body labor intensive,2.0,2.0,plenty work meet new people tough body labor intensive,-0.1262626263,0.6439393939,negative,Glassdoor,,,,,,,,,Other
5.0,2025-05-23T00:00:00.000Z,0,REGULAR,Current employee,NAN,NAN,NAN,0.0,0.0,4.0,0.0,,"Whitby, ON",Fulfillment Associate,,good holiday pay additional benefits permanent employees,hiring permanent employees directly,0.0,0.0,good holiday pay additional benefits permanent employees hiring permanent employees directly,0.4,0.5,positive,Glassdoor,,,,,,,,Benefits,Full-Time Associate
6.0,2025-05-18T00:00:00.000Z,2,REGULAR,Former employees,NAN,NAN,NAN,3.0,3.0,3.0,3.0,,"Kenosha, WI",Warehouse Associate,,nice people great pay benefits,management care employees hours way long,2.0,4.0,nice people great pay benefits management care employees hours way long,0.45,0.7166666667,positive,Glassdoor,,,,,,,,"Burnout, Management, Benefits",Full-Time Associate
7.0,2025-05-17T00:00:00.000Z,4,REGULAR,Current employees,NEGATIVE,NO_OPINION,NEGATIVE,4.0,4.0,4.0,3.0,,"Oklahoma City, OK",Associate,physical strength,learn lift trucks pallet jack flex schedule shifts,fast paced working environment weight lifting,5.0,5.0,learn lift trucks pallet jack flex schedule shifts fast paced working environment weight lifting,0.2,0.6,positive,Glassdoor,,,,,,,,Infrastructure,Full-Time Associate
9.0,2025-05-14T00:00:00.000Z,1,REGULAR,"Former employee, less than 1 year",NAN,NAN,NAN,0.0,0.0,3.0,0.0,,"Clarksville, TN",Fulfillment Associate,get better,good pay long hours,management absolutely terrible communicating,0.0,4.0,good pay long hours management absolutely terrible communicating,-0.1166666667,0.6666666667,negative,Glassdoor,,,,,,,,"Burnout, Management, Benefits",Full-Time Associate
11.0,2025-05-13T00:00:00.000Z,4,REGULAR,Former employees,POSITIVE,APPROVE,POSITIVE,5.0,5.0,5.0,5.0,,"Windsor, CT",Picker/Packer,appreciation employees,tuition reimbursement schedule flexibility benefits salary overtime opportunities,standing 10 hours noise safety hazards overworking get write ups meeting rate expectations,4.0,5.0,tuition reimbursement schedule flexibility benefits salary overtime opportunities standing 10 hours noise safety hazards overworking get write ups meeting rate expectations,0.0,0.0,negative,Glassdoor,,,,,,,,"Infrastructure, Benefits",Full-Time Picker/Packer
12.0,2025-05-07T00:00:00.000Z,0,REGULAR,Current employee,NAN,NAN,NAN,0.0,0.0,3.0,0.0,,"Sparrows Point, MD",WHSS,,benefits great start immediately,workplace culture bad,0.0,0.0,benefits great start immediately workplace culture bad,0.05,0.7083333333,negative,Glassdoor,,,,,,,,Benefits,Other
13.0,2025-05-04T00:00:00.000Z,0,REGULAR,Former employee,NAN,NAN,NAN,0.0,0.0,5.0,0.0,,"Ajax, ON",Warehouse Associate,,good pay stressfree hard working,nightshift overtime cons,0.0,0.0,good pay stressfree hard working nightshift overtime cons,0.2041666667,0.5708333333,positive,Glassdoor,,,,,,,,"Burnout, Benefits",Full-Time Associate
14.0,2025-05-04T00:00:00.000Z,2,REGULAR,Current employees,NAN,NAN,NAN,0.0,0.0,3.0,0.0,,"Louisville, TN",FC Associate I,,4 day weeks good benefits ot usually available,physical job prepare tired,0.0,0.0,4 day weeks good benefits ot usually available physical job prepare tired,0.175,0.4607142857,positive,Glassdoor,,,,,,,,"Burnout, Benefits",Full-Time Associate
15.0,2025-04-27T00:00:00.000Z,1,REGULAR,"Former employee, less than 1 year",NAN,NAN,POSITIVE,0.0,0.0,4.0,1.0,,"Suffolk, VA",Shipping and Receiving,,good reference previous work,cons knowledge,0.0,0.0,good reference previous work cons knowledge,0.2666666667,0.3833333333,positive,Glassdoor,,,,,,,,,Other
16.0,2025-04-24T00:00:00.000Z,1,REGULAR,"Former employee, less than 1 year",NEGATIVE,DISAPPROVE,NEGATIVE,1.0,1.0,2.0,3.0,,"Hamilton, ON",Order Picker,lose hiring bias know mean,people great,fired without notification one day badge didnt work wasting time bus fare,1.0,3.0,people great fired without notification one day badge didnt work wasting time bus fare,0.8,0.75,positive,Glassdoor,,,,,,,,,Full-Time Picker/Packer
17.0,2025-04-24T00:00:00.000Z,1,PART_TIME,"Former employee, less than 1 year",NAN,NAN,NAN,5.0,0.0,5.0,0.0,,,Project Management Intern,,quality work lot learn,contract extenscion hard find anything amazon,0.0,4.0,quality work lot learn contract extenscion hard find anything amazon,-0.2916666667,0.5416666667,negative,Glassdoor,,,,,,,,,Other
18.0,2025-04-23T00:00:00.000Z,2,REGULAR,Current employees,POSITIVE,APPROVE,POSITIVE,5.0,5.0,3.0,3.0,,"Ottawa, ON",Associate,,nice start students,long term job,5.0,5.0,nice start students long term job,0.275,0.7,positive,Glassdoor,,,,,,,,Burnout,Full-Time Associate
19.0,2025-04-21T00:00:00.000Z,0,PART_TIME,Current employee,NAN,NAN,NAN,0.0,0.0,4.0,0.0,,"Durham, NC",Warehouse Associate,,flexible schedule felx,work feel repetitive boring,0.0,0.0,flexible schedule felx work feel repetitive boring,-0.625,0.625,negative,Glassdoor,,,,,,,,Burnout,Other
20.0,2025-04-19T00:00:00.000Z,2,REGULAR,Current employees,NEUTRAL,NO_OPINION,POSITIVE,5.0,5.0,4.0,5.0,,"Reno, NV",Production,,nice place work nice hours night shift 630pm5am upt pto vacation,favoritism like job,5.0,4.0,nice place work nice hours night shift 630pm5am upt pto vacation favoritism like job,0.6,1.0,positive,Glassdoor,,,,,,,,"Management, Benefits",Other
21.0,2025-04-16T00:00:00.000Z,2,REGULAR,Former employees,NEGATIVE,NO_OPINION,NEGATIVE,3.0,4.0,3.0,1.0,,"Chicago, IL",Driver,get better scheduling,peak season good pay great hours,peak season leave struggling,4.0,3.0,peak season good pay great hours peak season leave struggling,0.75,0.675,positive,Glassdoor,,,,,,,,Benefits,Other
22.0,2025-04-15T00:00:00.000Z,4,REGULAR,Current employees,NAN,NAN,NEGATIVE,5.0,5.0,4.0,2.0,,"Cambridge, ON",Process Assistant,,good pay process assistant,bit stressful honest tight workload station,3.0,4.0,good pay process assistant bit stressful honest tight workload station,0.3738095238,0.5952380952,positive,Glassdoor,,,,,,,,"Burnout, Benefits",Other
23.0,2025-04-11T00:00:00.000Z,1,REGULAR,"Former employee, less than 1 year",NEGATIVE,DISAPPROVE,NEGATIVE,1.0,1.0,1.0,1.0,,Winsen (Luhe),Area Manager,das management gibt vor sich um sie zu kümmern und sie kennen zu lernen und ihnen zu helfen wirklichkeit geht es aber darum sie auszubeuten und der schwebe zu halten,die bezahlung und die berufliche entwicklung die man durch die begegnung mit vielen menschen und das erlernen neuer prozesse erfährt,dieser fc werden mitarbeiter und neueinstellungen wie nummern behandelt und sie versuchen dich loszuwerden wenn du ihren toxischen standards nicht mit den niedrigsten manieren gerecht wirst,1.0,4.0,die bezahlung und die berufliche entwicklung die man durch die begegnung mit vielen menschen und das erlernen neuer prozesse erfährt dieser fc werden mitarbeiter und neueinstellungen wie nummern behandelt und sie versuchen dich loszuwerden wenn du ihren toxischen standards nicht mit den niedrigsten manieren gerecht wirst,0.0,0.0,negative,Glassdoor,,,,,,,,,Management
24.0,2025-04-09T00:00:00.000Z,2,REGULAR,Former employees,POSITIVE,APPROVE,POSITIVE,5.0,5.0,4.0,4.0,,"Barrhaven, ON",Fulfillment Associate,,wage increase 3 6 12 month great fulltime benefits work perks discount venngo,warehouse repetitive work corporation like layout dull great people management,4.0,5.0,wage increase 3 6 12 month great fulltime benefits work perks discount venngo warehouse repetitive work corporation like layout dull great people management,0.2645833333,0.5625,positive,Glassdoor,,,,,,,,"Burnout, Management, Benefits",Full-Time Associate
25.0,2025-04-08T00:00:00.000Z,2,REGULAR,Current employees,NAN,NAN,NAN,4.0,2.0,4.0,3.0,,"Hamilton, ON",Associate,,good wages warehouse associate,working environment gets little bit noisy,5.0,5.0,good wages warehouse associate working environment gets little bit noisy,0.25625,0.55,positive,Glassdoor,,,,,,,,Infrastructure,Full-Time Associate
26.0,2025-04-02T00:00:00.000Z,1,REGULAR,"Current employee, less than 1 year",NEGATIVE,DISAPPROVE,NEGATIVE,1.0,1.0,1.0,1.0,,"Saint Peters, MO",Picker,,always hours available anytime pay,long hours minimal light write bathroom breaks mandatory overtime little heads place drains emotionally physically,1.0,1.0,always hours available anytime pay long hours minimal light write bathroom breaks mandatory overtime little heads place drains emotionally physically,0.07708333333,0.4571428571,negative,Glassdoor,,,,,,,,Burnout,Full-Time Picker/Packer
27.0,2025-04-01T00:00:00.000Z,0,PART_TIME,Current employee,NAN,NAN,NAN,0.0,0.0,4.0,0.0,,"Corona, CA",Warehouse,,easy starter job work,fast paced employment depends management,0.0,0.0,easy starter job work fast paced employment depends management,0.3166666667,0.7166666667,positive,Glassdoor,,,,,,,,Management,Other
28.0,2025-03-31T00:00:00.000Z,0,REGULAR,Current employee,NAN,NAN,NAN,3.0,3.0,3.0,5.0,,Illescas,Mozo de almac%C3%A9n,,seguridad compañerismo comodidad rotativos adaptabilidad,trabajo cansado fines de semana posibilidad de cobrar más,3.0,3.0,seguridad compañerismo comodidad rotativos adaptabilidad trabajo cansado fines de semana posibilidad de cobrar más,0.0,0.0,negative,Glassdoor,,,,,,,,,Other
29.0,2025-03-31T00:00:00.000Z,0,REGULAR,Former employee,NAN,NAN,NAN,0.0,0.0,4.0,0.0,,"San Bernardino, CA",Inbound Stower,,benefits bad pay,cons easy work people complain,0.0,0.0,benefits bad pay cons easy work people complain,-0.1333333333,0.75,negative,Glassdoor,,,,,,,,Benefits,Full-Time Stower
30.0,2025-03-31T00:00:00.000Z,1,REGULAR,"Current employee, less than 1 year",NAN,NAN,NAN,0.0,0.0,5.0,0.0,,"Aurora, CO",Warehouse Associate,,flexible schedule 4 day10 hour shifts low stress environment frequent overtime opportunity,monotonous work particularly rewarding work work become slow january may,0.0,0.0,flexible schedule 4 day10 hour shifts low stress environment frequent overtime opportunity monotonous work particularly rewarding work work become slow january may,0.075,0.5,negative,Glassdoor,,,,,,,,"Burnout, Infrastructure",Full-Time Associate
32.0,2025-03-27T00:00:00.000Z,2,REGULAR,Current employees,NEGATIVE,APPROVE,NEGATIVE,3.0,4.0,3.0,3.0,,"Ottawa, ON",Process Associate,try focus employee engagement break barriers community race personal biases give opportunities employees grow rather nurturing neo slavery attitude many associates skilled experienced working warehouse due personal situation leadership give opportunity optimize skills experience rather taking advantage utilizing labor works,best class work environment experience working robotic environment competitive work benefits accommodations,much physical work much job security pressure target work negatively impact physical mental health biased leadership justify experience skills ability personal connections nepotism works training promotion preferred job roles,2.0,3.0,best class work environment experience working robotic environment competitive work benefits accommodations much physical work much job security pressure target work negatively impact physical mental health biased leadership justify experience skills ability personal connections nepotism works training promotion preferred job roles,0.0875,0.2357142857,negative,Glassdoor,,,,,,,,"Burnout, Infrastructure, Management, Benefits",Full-Time Associate
33.0,2025-03-26T00:00:00.000Z,1,REGULAR,"Former employee, less than 1 year",NEUTRAL,APPROVE,POSITIVE,0.0,0.0,4.0,0.0,,"Edgemere, MD",Order Picker,,good benefits decent time opportunities automatic hire without interview,management move around building lot top performer order picking moved pack nearly every day,0.0,0.0,good benefits decent time opportunities automatic hire without interview management move around building lot top performer order picking moved pack nearly every day,0.3666666667,0.5416666667,positive,Glassdoor,,,,,,,,"Management, Benefits",Full-Time Picker/Packer
34.0,2025-03-26T00:00:00.000Z,1,PART_TIME,"Former employee, less than 1 year",NAN,NAN,POSITIVE,3.0,4.0,4.0,3.0,,"San Antonio, TX",Fulfullment Associate,,pay want go college,lot work,1.0,2.0,pay want go college lot work,0.0,0.0,negative,Glassdoor,,,,,,,,,Other
35.0,2025-03-24T00:00:00.000Z,2,REGULAR,Current employees,NEGATIVE,NAN,NEGATIVE,4.0,3.0,3.0,4.0,,"Ajax, ON",Warehouse Associate,,good pay benefits good people safety first,biased management work like robots growthopportunities,1.0,4.0,good pay benefits good people safety first biased management work like robots growthopportunities,0.55,0.5111111111,positive,Glassdoor,,,,,,,,"Burnout, Infrastructure, Management, Benefits",Full-Time Associate
36.0,2025-03-20T00:00:00.000Z,0,REGULAR,Former employee,NAN,NAN,NAN,0.0,0.0,3.0,0.0,,"Grand Rapids, MI",Warehouse Team Member,,close home,gloves strong enough,0.0,0.0,close home gloves strong enough,0.2166666667,0.6166666667,positive,Glassdoor,,,,,,,,,Other
38.0,2025-03-19T00:00:00.000Z,1,PART_TIME,"Former employee, less than 1 year",NAN,NAN,NAN,0.0,0.0,4.0,0.0,,"West Jefferson, OH",Associate,,name,name,0.0,0.0,name name,0.0,0.0,negative,Glassdoor,,,,,,,,,Other
39.0,2025-03-18T00:00:00.000Z,1,CONTRACT,"Former employee, less than 1 year",POSITIVE,APPROVE,POSITIVE,4.0,5.0,5.0,4.0,,"Brampton, ON",Warehouse Associate,,good work culture pay also events extracurriculam activity,quiet racist employee belong one group race,5.0,5.0,good work culture pay also events extracurriculam activity quiet racist employee belong one group race,0.35,0.4666666667,positive,Glassdoor,,,,,,,,Burnout,Other
40.0,2025-03-18T00:00:00.000Z,2,REGULAR,Current employees,NAN,NAN,NAN,5.0,5.0,5.0,5.0,,"London, ON",Associate,,work life balance benefits,mandatory extra time required,5.0,5.0,work life balance benefits mandatory extra time required,0.0,0.1,negative,Glassdoor,,,,,,,,Benefits,Full-Time Associate
41.0,2025-03-13T00:00:00.000Z,0,REGULAR,Former employee,NAN,NAN,POSITIVE,3.0,2.0,4.0,4.0,,,AA(Amazon Associate),,pay benefits really good,toxic work environment favoritism,4.0,5.0,pay benefits really good toxic work environment favoritism,0.7,0.6,positive,Glassdoor,,,,,,,,"Infrastructure, Management, Benefits",Full-Time Associate
42.0,2025-03-12T00:00:00.000Z,0,PART_TIME,Former employee,NAN,NAN,NAN,0.0,0.0,4.0,0.0,,"Mississauga, ON",Warehouse Worker,,attractive pay employee benefits,contractual basis hiring based business need,0.0,0.0,attractive pay employee benefits contractual basis hiring based business need,0.8,1.0,positive,Glassdoor,,,,,,,,Benefits,Other
43.0,2025-03-08T00:00:00.000Z,0,REGULAR,Current employee,POSITIVE,APPROVE,POSITIVE,5.0,5.0,4.0,1.0,,,Mozo De Almacen,tener coche propio ya que hay manera de trasladarse en transporte público,muy buenos beneficios exelente ambiente de trabajo ambiente de trabajo muy seguro posibilidad de hacer carrera dentro de la empresa,salario esta mal pero se podría mejorar mucho más para el trabajo que se hace allí horarios rotativos te permite crear hábitos saludables ya que constantemente estás cambiando tu rutina diaria trabajo fines de semana trabajo muy repetitivo,3.0,3.0,muy buenos beneficios exelente ambiente de trabajo ambiente de trabajo muy seguro posibilidad de hacer carrera dentro de la empresa salario esta mal pero se podría mejorar mucho más para el trabajo que se hace allí horarios rotativos te permite crear hábitos saludables ya que constantemente estás cambiando tu rutina diaria trabajo fines de semana trabajo muy repetitivo,0.0,0.0,negative,Glassdoor,,,,,,,,,Other
44.0,2025-03-07T00:00:00.000Z,4,REGULAR,Former employees,NEGATIVE,DISAPPROVE,NEGATIVE,1.0,1.0,2.0,1.0,,"San Antonio, TX",Pathways Operations Manager,,pay comparable ops,poor work life balance lack leadership stressful job clear way promotion anyone help get,1.0,4.0,pay comparable ops poor work life balance lack leadership stressful job clear way promotion anyone help get,-0.15,0.4916666667,negative,Glassdoor,,,,,,,,"Burnout, Management",Management
45.0,2025-03-05T00:00:00.000Z,0,REGULAR,Current employee,NAN,NAN,NAN,0.0,0.0,4.0,0.0,,"Bolton, ON",Warehouse Associate,,career choice program great way start new career good benefits,coworkers speak non english infront,0.0,0.0,career choice program great way start new career good benefits coworkers speak non english infront,0.4090909091,0.4511363636,positive,Glassdoor,,,,,,,,Benefits,Full-Time Associate
46.0,2025-03-03T00:00:00.000Z,0,PART_TIME,Current employee,NAN,NAN,NAN,0.0,0.0,5.0,0.0,,"Waukegan, IL",FC Associate,,room excel position,extra shifts never available,0.0,0.0,room excel position extra shifts never available,-0.1,0.25,negative,Glassdoor,,,,,,,,,Other
47.0,2025-03-03T00:00:00.000Z,2,PART_TIME,Current employees,NAN,NAN,NAN,4.0,4.0,5.0,5.0,,"Kent, WA",Flex Associate,,choose hours work bad get use,could moved around lot depending different departments sometimes hard find shifts want work,5.0,4.0,choose hours work bad get use could moved around lot depending different departments sometimes hard find shifts want work,-0.3305555556,0.6027777778,negative,Glassdoor,,,,,,,,,Other
48.0,2025-03-03T00:00:00.000Z,2,REGULAR,Current employees,NEUTRAL,APPROVE,POSITIVE,5.0,5.0,3.0,2.0,,,FC Associate I,provide everyone equal chance make managers responsible towards associates bcz sometimes associates dont know actual information ask help managers say hr safety team hiring positions specially paprocess assistant learning needs evaluated based ground level performance based connections relatives higher position get hired pa learning safety team needs responsible bcz mostly dont took actions managers needs productivity get promoted associates presurised maintain productivity compromise safety ultimately creates critical health issues associates associates got less work promoted learn new skills compared others favourite managers relatives plz stop fair everyone,pay benefits provide like maternity accommodation insurance,worklife balance continuous work without sitting almost location public transportation lack chance promotion new skills show giving fair chance everyone true ground level people certain community especially punjabis got promotions hr pa manager level lack support hr giving proper information actually need safety ground level compromised managers bcz want productivity get promotion people always praised managers got extrabenefits work able learn new skills hardworking associates,3.0,5.0,pay benefits provide like maternity accommodation insurance worklife balance continuous work without sitting almost location public transportation lack chance promotion new skills show giving fair chance everyone true ground level people certain community especially punjabis got promotions hr pa manager level lack support hr giving proper information actually need safety ground level compromised managers bcz want productivity get promotion people always praised managers got extrabenefits work able learn new skills hardworking associates,0.2037012987,0.4922186147,positive,Glassdoor,,,,,,,,"Infrastructure, Management, Benefits",Full-Time Associate
49.0,2025-03-02T00:00:00.000Z,2,REGULAR,Former employees,NEUTRAL,NO_OPINION,NEGATIVE,1.0,3.0,3.0,5.0,,"Bessemer, AL",Inbound Stower,understood safety risk thing rule something distract noise head 1011 hrs day day youre someone like kinda rough almost torturous let people listen music man lol,got plenty time mental stuff needed places would fired,company mightve contributed alot needed much time lmao,1.0,4.0,got plenty time mental stuff needed places would fired company mightve contributed alot needed much time lmao,0.2333333333,0.4666666667,positive,Glassdoor,,,,,,,,,Full-Time Stower
50.0,2025-03-01T00:00:00.000Z,4,PART_TIME,Current employees,NAN,NAN,NAN,0.0,0.0,5.0,0.0,,"Hawthorne, CA",Warehouse Associate,,great experience got see warehouse built ground,became repetitive point,0.0,0.0,great experience got see warehouse built ground became repetitive point,0.275,0.5,positive,Glassdoor,,,,,,,,Burnout,Other
51.0,2025-03-01T00:00:00.000Z,6,REGULAR,Current employees,NAN,NAN,NEGATIVE,1.0,1.0,1.0,4.0,,Sydney,IT Support Engineer,apply practices preach ensure followed employees lower tier organizations hierarchy train leaders make sure due deligence role training future leaders wont make bigger impact current leaders exercising bias toxic traits moving ladder,bit learning right place right team assigned right team member mentor,dont bother joining though financial perks since dont casualcontract roles contract cleverly worded get work weekendsnight shifts without offering weekendnight shift allowances oncall pay either reimburse mobile bills seen culture departments excessive flattery towards leadership playing office politics seeking favoritism leadership appeasing leadership personal gain unhealthy admiration authority prioritizing leadership approval team collaboration performing leadership rather contributing meaningfully dysfunctional work environment hostile workplace dynamics unhealthy team culture negative organizational climate counterproductive work atmosphere culture fear favoritism lack psychological safety workplace unprofessional unsupportive work environment workplace toxicity favoritism,1.0,1.0,bit learning right place right team assigned right team member mentor dont bother joining though financial perks since dont casualcontract roles contract cleverly worded get work weekendsnight shifts without offering weekendnight shift allowances oncall pay either reimburse mobile bills seen culture departments excessive flattery towards leadership playing office politics seeking favoritism leadership appeasing leadership personal gain unhealthy admiration authority prioritizing leadership approval team collaboration performing leadership rather contributing meaningfully dysfunctional work environment hostile workplace dynamics unhealthy team culture negative organizational climate counterproductive work atmosphere culture fear favoritism lack psychological safety workplace unprofessional unsupportive work environment workplace toxicity favoritism,0.01448412698,0.5117063492,negative,Glassdoor,,,,,,,,"Infrastructure, Management",Other
52.0,2025-03-01T00:00:00.000Z,2,REGULAR,Former employees,POSITIVE,APPROVE,POSITIVE,5.0,5.0,4.0,4.0,,"Whitestown, IN",Warehouse Associate,better pay hire opportunity insurance employees,good place work lots hours keep busy time,cons low pay insurance temp service position,5.0,1.0,good place work lots hours keep busy time cons low pay insurance temp service position,0.2666666667,0.4,positive,Glassdoor,,,,,,,,Benefits,Full-Time Associate
53.0,2025-02-27T00:00:00.000Z,4,REGULAR,Former employees,NAN,DISAPPROVE,NEGATIVE,1.0,1.0,1.0,1.0,,,Operations Manager,value honesty ethics treat people better promote based results politics set regional records unable get promoted since wouldn’t lie hr situations agm apart shady,stocks given bonuses take 34 years fully vest negative,expectation work 7 days per week always available via phone even work 12 hours expected you’re home upper management promotions based achievements team response ‘yes man’ last gmagm extremely unethical promoted people would lie also fudged numbers,1.0,2.0,stocks given bonuses take 34 years fully vest negative expectation work 7 days per week always available via phone even work 12 hours expected you’re home upper management promotions based achievements team response ‘yes man’ last gmagm extremely unethical promoted people would lie also fudged numbers,-0.02083333333,0.3777777778,negative,Glassdoor,,,,,,,,"Infrastructure, Management",Management
54.0,2025-02-26T00:00:00.000Z,0,REGULAR,Former employee,NAN,NAN,NAN,0.0,0.0,3.0,0.0,,"Dallas, TX",Inbound Stower,,easy job move desired,physically demanding care rates,0.0,0.0,easy job move desired physically demanding care rates,0.2166666667,0.4880952381,positive,Glassdoor,,,,,,,,"Burnout, Infrastructure",Full-Time Stower
55.0,2025-02-26T00:00:00.000Z,2,REGULAR,Current employees,POSITIVE,APPROVE,POSITIVE,5.0,5.0,5.0,5.0,,"St. Thomas, ON",Inbound Receive Dock,improve break times workload balance reduce fatigue increase employee retention,competitive pay benefits opportunity career growth fastpaced active work environment teamoriented workplace culture training provided experience required,repetitive tasks exhausting,5.0,5.0,competitive pay benefits opportunity career growth fastpaced active work environment teamoriented workplace culture training provided experience required repetitive tasks exhausting,-0.2611111111,0.45,negative,Glassdoor,,,,,,,,"Burnout, Infrastructure, Benefits",Other
56.0,2025-02-25T00:00:00.000Z,0,REGULAR,Former employee,NAN,NAN,NAN,0.0,0.0,3.0,0.0,,"Illiopolis, IL",Operations Manager,,insane scope opportunities perks part huge company,untalented people sr positions gone far playing politics hard advance dont agreeable personanlity,0.0,0.0,insane scope opportunities perks part huge company untalented people sr positions gone far playing politics hard advance dont agreeable personanlity,-0.1979166667,0.8604166667,negative,Glassdoor,,,,,,,,,Management
57.0,2025-02-25T00:00:00.000Z,1,REGULAR,"Former employee, less than 1 year",NEUTRAL,NO_OPINION,POSITIVE,4.0,5.0,4.0,2.0,,"Joliet, IL",Seasonal Warehouse Associate,,pay peak timebonus payhours chill staff,labor lack available resourcespeople workers requests troubles job apppay,3.0,5.0,pay peak timebonus payhours chill staff labor lack available resourcespeople workers requests troubles job apppay,0.4,0.4,positive,Glassdoor,,,,,,,,Management,Full-Time Associate
58.0,2025-02-25T00:00:00.000Z,2,FREELANCE,Former employees,NAN,NAN,NAN,5.0,5.0,5.0,5.0,,"San Francisco, CA",Seller,,flexible schedule adjust time,much competition sometimes gotta lower prices much get deal good profit,5.0,5.0,flexible schedule adjust time much competition sometimes gotta lower prices much get deal good profit,0.3666666667,0.3333333333,positive,Glassdoor,,,,,,,,,Other
59.0,2025-02-25T00:00:00.000Z,0,REGULAR,Current employee,POSITIVE,APPROVE,POSITIVE,5.0,5.0,5.0,5.0,,"Swindon, Wiltshire, South West England, England",AA(Amazon Associate),,good working environment good pay,heavy lifting sometimes stressful,5.0,5.0,good working environment good pay heavy lifting sometimes stressful,0.4,0.5666666667,positive,Glassdoor,,,,,,,,"Burnout, Infrastructure, Benefits",Full-Time Associate
60.0,2025-02-21T00:00:00.000Z,0,REGULAR,Former employee,NAN,NAN,NAN,0.0,0.0,3.0,0.0,,"Fort Wayne, IN",Picker,,easiest job ever,get rid whenever want,0.0,0.0,easiest job ever get rid whenever want,0.0,0.0,negative,Glassdoor,,,,,,,,,Full-Time Picker/Packer
61.0,2025-02-21T00:00:00.000Z,4,REGULAR,Former employees,NAN,NAN,NAN,5.0,5.0,5.0,4.0,,Orléans,HRA,,très bonne école salaires généreux et cb avantageux,demande un investissement personnel important,5.0,5.0,très bonne école salaires généreux et cb avantageux demande un investissement personnel important,0.4,1.0,positive,Glassdoor,,,,,,,,,Other
63.0,2025-02-18T00:00:00.000Z,4,REGULAR,Current employees,NEUTRAL,APPROVE,POSITIVE,3.0,3.0,4.0,4.0,,"San Antonio, TX",L1 Associate,,name,name,3.0,4.0,name name,0.0,0.0,negative,Glassdoor,,,,,,,,,Full-Time Associate
64.0,2025-02-18T00:00:00.000Z,9,REGULAR,Current employees,POSITIVE,NO_OPINION,POSITIVE,4.0,3.0,4.0,3.0,,"Carrollton, TX",Sr Program Manager,trust team get job done reward,growth amp development relationships innovation fun actual work awesome,cons would job,3.0,3.0,growth amp development relationships innovation fun actual work awesome cons would job,0.4333333333,0.4333333333,positive,Glassdoor,,,,,,,,,Management
65.0,2025-02-18T00:00:00.000Z,0,REGULAR,Current employee,NAN,NAN,NAN,0.0,0.0,5.0,0.0,,"Brampton, ON",Warehouse Associate,,good benefits environment team work great pay,don’t think downside,0.0,0.0,good benefits environment team work great pay don’t think downside,0.75,0.675,positive,Glassdoor,,,,,,,,"Infrastructure, Benefits",Full-Time Associate
66.0,2025-02-18T00:00:00.000Z,2,REGULAR,Former employees,POSITIVE,DISAPPROVE,NEGATIVE,1.0,2.0,2.0,1.0,,"San Bernardino, CA",ICQA Associate,hr protective youre losing connection workers allow unions people feel safe work build career,needed job fast onboarding fast skills requirements low pay local average fun work robotics fulfillment center,metrics always part work experience day day optimizations pas always coming give feedback make seem like matters numbers focus numbers output focus focus focus problem even though could great kept high quality maintaining speed quality really draining especially 10 hour shifts industrial environment literally 2 sometimes none neighbors talk pass long day repetitive tasks thats another thing physical mental aspect repetitious task mentally draining despite regular safety meetings warnings signs plastered place theres much pressure increase performance consistently lots people cutting corners keep getting canned ended repetitive motion injury hand due pulling items cubbies basically already covered policies theres nothing grin bear recommendation educate safety policies speak loudly frequently group settings feel something isnt safe keep leadership accountable dont push physically meet numbers difficult youve got bills pay worth long term mobility health build skills find work another company respects body,1.0,3.0,needed job fast onboarding fast skills requirements low pay local average fun work robotics fulfillment center metrics always part work experience day day optimizations pas always coming give feedback make seem like matters numbers focus numbers output focus focus focus problem even though could great kept high quality maintaining speed quality really draining especially 10 hour shifts industrial environment literally 2 sometimes none neighbors talk pass long day repetitive tasks thats another thing physical mental aspect repetitious task mentally draining despite regular safety meetings warnings signs plastered place theres much pressure increase performance consistently lots people cutting corners keep getting canned ended repetitive motion injury hand due pulling items cubbies basically already covered policies theres nothing grin bear recommendation educate safety policies speak loudly frequently group settings feel something isnt safe keep leadership accountable dont push physically meet numbers difficult youve got bills pay worth long term mobility health build skills find work another company respects body,0.03339285714,0.3706299058,negative,Glassdoor,,,,,,,,"Burnout, Infrastructure, Management",Full-Time Associate
67.0,2025-02-18T00:00:00.000Z,2,REGULAR,Current employees,NAN,NAN,NAN,0.0,0.0,3.0,0.0,,"Bellevue, WA",Software Development Engineer (SDE),,good work lot learn,much work work life balance,0.0,0.0,good work lot learn much work work life balance,0.45,0.4,positive,Glassdoor,,,,,,,,,Other
68.0,2025-02-17T00:00:00.000Z,1,PART_TIME,"Former employee, less than 1 year",NAN,NAN,NAN,0.0,0.0,3.0,4.0,,"Portland, OR",Sortation Associate,,good pay shift options benefits,able train well employees,0.0,0.0,good pay shift options benefits able train well employees,0.6,0.6125,positive,Glassdoor,,,,,,,,Benefits,Other
69.0,2025-02-17T00:00:00.000Z,1,REGULAR,"Former employee, less than 1 year",POSITIVE,APPROVE,POSITIVE,5.0,5.0,5.0,4.0,,"Etna, OH",Associate,hire back didn’t know gone regret leaving,benefits amazon atoz app worked great thorough simple work repetitive made time fly,decent bit people didn’t speak much english would hard communicate sometimes everyone helpful needed,4.0,5.0,benefits amazon atoz app worked great thorough simple work repetitive made time fly decent bit people didn’t speak much english would hard communicate sometimes everyone helpful needed,0.175,0.4950680272,positive,Glassdoor,,,,,,,,"Burnout, Benefits",Full-Time Associate
70.0,2025-02-13T00:00:00.000Z,0,INTERN,Former employee,NAN,NAN,NAN,0.0,0.0,4.0,0.0,,"Tampa, FL",HR Partner Intern,,good pay benefits interns,since site 24 hours may get night shift,0.0,0.0,good pay benefits interns since site 24 hours may get night shift,0.7,0.6,positive,Glassdoor,,,,,,,,Benefits,Other
71.0,2025-02-12T00:00:00.000Z,0,CONTRACT,Former employee,NAN,NAN,NAN,0.0,0.0,2.0,0.0,,"Brampton, ON",Fulfillment Associate,,daytime hours good worklife balance,nighttime shift absolute mess,0.0,0.0,daytime hours good worklife balance nighttime shift absolute mess,0.2416666667,0.5583333333,positive,Glassdoor,,,,,,,,,Other
72.0,2025-02-11T00:00:00.000Z,0,INTERN,Former employee,NAN,NAN,NAN,0.0,0.0,4.0,0.0,,"Spokane, WA",Area Manager Intern,,hands work real experience managing associates,overwork interns like associate dont differentiate advocate work,0.0,0.0,hands work real experience managing associates overwork interns like associate dont differentiate advocate work,0.2,0.3,positive,Glassdoor,,,,,,,,,Management
73.0,2025-02-10T00:00:00.000Z,1,PART_TIME,"Current employee, less than 1 year",NAN,NAN,NAN,5.0,5.0,5.0,5.0,,Paderborn,FC Associate I,,fixed hours parttime fulltime available,pay overtime,5.0,5.0,fixed hours parttime fulltime available pay overtime,0.25,0.3,positive,Glassdoor,,,,,,,,,Other
74.0,2025-02-07T00:00:00.000Z,2,REGULAR,Former employees,POSITIVE,APPROVE,POSITIVE,4.0,4.0,5.0,4.0,,"Brampton, ON",Warehouse Associate,listen employees,provide healthy salary every six months salary hike good benefits,ask difficult targets internal politics still exist,4.0,4.0,provide healthy salary every six months salary hike good benefits ask difficult targets internal politics still exist,0.175,0.525,positive,Glassdoor,,,,,,,,"Infrastructure, Benefits",Full-Time Associate
75.0,2025-02-06T00:00:00.000Z,4,PART_TIME,Current employees,POSITIVE,APPROVE,POSITIVE,4.0,5.0,4.0,5.0,,"Delta, BC",Warehouse Worker,,good schedule good pay,heavy work load long shifts,4.0,5.0,good schedule good pay heavy work load long shifts,0.2875,0.525,positive,Glassdoor,,,,,,,,"Burnout, Benefits",Other
76.0,2025-02-06T00:00:00.000Z,1,CONTRACT,"Current employee, less than 1 year",NEUTRAL,APPROVE,POSITIVE,5.0,5.0,5.0,5.0,,"Gateshead, England",FC Associate,,good management best work culture nice colleagues,shift patterns break timings team leads,5.0,5.0,good management best work culture nice colleagues shift patterns break timings team leads,0.7666666667,0.6333333333,positive,Glassdoor,,,,,,,,Management,Other
77.0,2025-02-04T00:00:00.000Z,4,REGULAR,Current employees,NEGATIVE,DISAPPROVE,NEGATIVE,1.0,2.0,1.0,1.0,,"Delta, BC",Process Associate,focus taking care people driving productivity acknowledge successful,job paid bills makes really appreciate working somewhere else,cared increasing productivity people whoever coined equality opportunity employees needs look definition save physical mental well look employment elsewhere,1.0,4.0,job paid bills makes really appreciate working somewhere else cared increasing productivity people whoever coined equality opportunity employees needs look definition save physical mental well look employment elsewhere,0.03333333333,0.180952381,negative,Glassdoor,,,,,,,,,Full-Time Associate
78.0,2025-02-03T00:00:00.000Z,0,REGULAR,Current employee,NAN,NAN,NAN,4.0,4.0,4.0,3.0,,"Boston, MA",Non-Inventory Receiver,,want smooth start work think good idea,internal promotion bit difficult may take long time,4.0,4.0,want smooth start work think good idea internal promotion bit difficult may take long time,0.11,0.5,positive,Glassdoor,,,,,,,,Burnout,Other
79.0,2025-01-28T00:00:00.000Z,0,PART_TIME,Current employee,NAN,NAN,NAN,4.0,4.0,4.0,4.0,,El Prat de Llobregat,Técnico de mantenimiento industrial,,horario flexible muchos pluses en fin de semana,el metro tarda mucho en llegar al prat,4.0,4.0,horario flexible muchos pluses en fin de semana el metro tarda mucho en llegar al prat,0.0,0.0,negative,Glassdoor,,,,,,,,,Other
80.0,2025-01-28T00:00:00.000Z,2,REGULAR,Former employees,NAN,NAN,NAN,0.0,0.0,4.0,0.0,,"Chattanooga, TN",Warehouse Packer,,job hard people friendly helpful,12 hour work days busy times,0.0,0.0,job hard people friendly helpful 12 hour work days busy times,0.06111111111,0.4472222222,negative,Glassdoor,,,,,,,,,Full-Time Picker/Packer
81.0,2025-01-23T00:00:00.000Z,4,REGULAR,Former employees,NEGATIVE,APPROVE,POSITIVE,2.0,3.0,2.0,1.0,,"Mississauga, ON",Whs Specialist,,fast paced challenging great learning opportunities great overall benefits day 1,hectic hours little flexibility pay structure call culture leads internal fights show better,2.0,3.0,fast paced challenging great learning opportunities great overall benefits day 1 hectic hours little flexibility pay structure call culture leads internal fights show better,0.3265625,0.5125,positive,Glassdoor,,,,,,,,Benefits,Other
83.0,2025-01-16T00:00:00.000Z,1,PART_TIME,"Current employee, less than 1 year",NAN,NAN,NAN,0.0,0.0,5.0,0.0,,Euskirchen,Sortiermitarbeiter,,gute leitungen gute mitarbeitern gute arbeit,es gibt keine kontras für der arbeit,0.0,0.0,gute leitungen gute mitarbeitern gute arbeit es gibt keine kontras für der arbeit,0.0,0.0,negative,Glassdoor,,,,,,,,,Other
84.0,2025-01-15T00:00:00.000Z,0,PART_TIME,Former employee,NAN,NAN,NAN,0.0,0.0,3.0,0.0,,"Warrington, North West England, England",FC Associate,,develops strong work ethic employees,consideration human feeling within workplace,0.0,0.0,develops strong work ethic employees consideration human feeling within workplace,0.2166666667,0.4166666667,positive,Glassdoor,,,,,,,,,Other
85.0,2025-01-11T00:00:00.000Z,1,REGULAR,"Former employee, less than 1 year",POSITIVE,NO_OPINION,POSITIVE,4.0,4.0,3.0,5.0,,"Hamilton, ON",Associate,eliminate hiring freeze,made mistake leaving never hard job well worth,cant get rehired arent hiring last,3.0,4.0,made mistake leaving never hard job well worth cant get rehired arent hiring last,0.1486111111,0.2361111111,positive,Glassdoor,,,,,,,,,Full-Time Associate
86.0,2025-01-11T00:00:00.000Z,2,REGULAR,Former employees,NAN,NAN,NEGATIVE,2.0,3.0,3.0,1.0,,"Dallas, TX",Associate,,pay bad paid weekly,work like dog regardless age ability retention rate ridiculous managers always quit moved around,3.0,3.0,pay bad paid weekly work like dog regardless age ability retention rate ridiculous managers always quit moved around,-0.5166666667,0.8333333333,negative,Glassdoor,,,,,,,,Infrastructure,Full-Time Associate
87.0,2025-01-11T00:00:00.000Z,1,REGULAR,"Current employee, less than 1 year",POSITIVE,APPROVE,POSITIVE,5.0,5.0,3.0,3.0,,"Huntley, IL",Palletizer,move people around get break positions give equal work everyone manager favors groups people,work friends sometimes take time job comes benefits,lot work body depending you’re placed you’re thing 10 hours straight lifting heavy heavy boxes,2.0,5.0,work friends sometimes take time job comes benefits lot work body depending you’re placed you’re thing 10 hours straight lifting heavy heavy boxes,-0.06666666667,0.4666666667,negative,Glassdoor,,,,,,,,Benefits,Other
88.0,2025-01-10T00:00:00.000Z,0,PART_TIME,Current employee,NAN,NAN,NAN,3.0,4.0,3.0,2.0,,"Edison, NJ",Stower,,make hours good pay free food sometimes,receptive brain mush boring physically mentally draining,3.0,3.0,make hours good pay free food sometimes receptive brain mush boring physically mentally draining,2.08e-17,0.65,negative,Glassdoor,,,,,,,,Benefits,Part-Time Stower
89.0,2025-01-10T00:00:00.000Z,4,REGULAR,Current employees,POSITIVE,APPROVE,NEGATIVE,4.0,4.0,3.0,4.0,,"Hamilton, ON",Associate,kind,benefit vacation tpo,big loads hard hours long,4.0,4.0,benefit vacation tpo big loads hard hours long,-0.1138888889,0.3472222222,negative,Glassdoor,,,,,,,,Burnout,Full-Time Associate
90.0,2025-01-10T00:00:00.000Z,2,REGULAR,Former employees,NEGATIVE,DISAPPROVE,NEGATIVE,1.0,4.0,3.0,3.0,,"Grimes, IA",Associate,,ok money good supervisors swag bucks,heavy lifting safety concern dont expect care pay injuries,2.0,2.0,ok money good supervisors swag bucks heavy lifting safety concern dont expect care pay injuries,0.3333333333,0.5333333333,positive,Glassdoor,,,,,,,,Infrastructure,Full-Time Associate
91.0,2025-01-09T00:00:00.000Z,1,REGULAR,"Former employee, less than 1 year",NAN,NAN,NAN,0.0,0.0,4.0,0.0,,"Wilmington, DE",Fulfillment Center Warehouse Associate,streamline workflows reduce strain peak seasons enhance recognition programs boost morale provide better training new current associates act employee feedback improve job satisfaction,competitive pay benefits healthcare 401k stock options opportunities career advancement skill development fastpaced engaging work environment supportive team culture approachable management job stability global company,physically demanding especially peak seasons long shifts limited break times fluctuating workload sometimes stressful noisy warehouse environment,0.0,0.0,competitive pay benefits healthcare 401k stock options opportunities career advancement skill development fastpaced engaging work environment supportive team culture approachable management job stability global company physically demanding especially peak seasons long shifts limited break times fluctuating workload sometimes stressful noisy warehouse environment,0.1112244898,0.4836734694,positive,Glassdoor,,,,,,,,"Burnout, Infrastructure, Management, Benefits",Full-Time Associate
92.0,2025-01-08T00:00:00.000Z,1,REGULAR,"Current employee, less than 1 year",POSITIVE,APPROVE,POSITIVE,1.0,1.0,2.0,1.0,,"Monroe, OH",Cherry Picker,stop flirting employees trying get way,pay good that’s pretty much,it’s lot drama it’s know wanna even get different roll still paid,1.0,5.0,pay good that’s pretty much it’s lot drama it’s know wanna even get different roll still paid,0.2875,0.6,positive,Glassdoor,,,,,,,,,Full-Time Picker/Packer
93.0,2025-01-08T00:00:00.000Z,1,PART_TIME,"Current employee, less than 1 year",NAN,NAN,POSITIVE,4.0,4.0,4.0,5.0,,"Lubbock, TX",Seasonal Associate,,job repetitive relatively easy learn hr onsite helpful,job physically demanding get used isnt bad work ethic varies greatly hard work appreciated besides compliments managers,3.0,4.0,job repetitive relatively easy learn hr onsite helpful job physically demanding get used isnt bad work ethic varies greatly hard work appreciated besides compliments managers,-0.1013888889,0.4224206349,negative,Glassdoor,,,,,,,,Burnout,Other
94.0,2025-01-03T00:00:00.000Z,2,REGULAR,Former employees,POSITIVE,DISAPPROVE,NEGATIVE,3.0,4.0,3.0,2.0,,"Orlando, FL",Warehouse Associate,stowers waterspiders indirect role really need little bit directionlabor tracking,decent pay type work great benefits insurance 401k company stock educationcareer choice generous timeoff policy plenty people get know people person,physically demanding keeping job depends rate rate depend waterspider may care enough workgood work make rate stay bottom 5,3.0,4.0,decent pay type work great benefits insurance 401k company stock educationcareer choice generous timeoff policy plenty people get know people person physically demanding keeping job depends rate rate depend waterspider may care enough workgood work make rate stay bottom 5,0.2416666667,0.5148809524,positive,Glassdoor,,,,,,,,"Burnout, Infrastructure, Benefits",Full-Time Associate
95.0,2025-01-02T00:00:00.000Z,0,PART_TIME,Current employee,NAN,NAN,NAN,1.0,5.0,3.0,5.0,,"Robbinsville, NJ",Warehouse Sortation Associate,,pays bills guess,flex flex thing really annoying,2.0,3.0,pays bills guess flex flex thing really annoying,-0.8,0.9,negative,Glassdoor,,,,,,,,,Other
96.0,2025-01-01T00:00:00.000Z,4,REGULAR,Former employees,NEUTRAL,NO_OPINION,POSITIVE,4.0,4.0,3.0,4.0,,"Etna, OH",AA(Amazon Associate),management keeps rotating,work terms,heavy items slow season,3.0,3.0,work terms heavy items slow season,-0.25,0.45,negative,Glassdoor,,,,,,,,,Full-Time Associate
97.0,2024-12-29T00:00:00.000Z,1,CONTRACT,"Current employee, less than 1 year",POSITIVE,APPROVE,POSITIVE,5.0,5.0,5.0,5.0,,"Manchester, England",Warehouse Fulfillment Associate,management good,good nice culture,need improve salary range,5.0,5.0,good nice culture need improve salary range,0.65,0.8,positive,Glassdoor,,,,,,,,,Other
98.0,2024-12-29T00:00:00.000Z,0,PART_TIME,Former employee,NAN,NAN,POSITIVE,0.0,0.0,5.0,0.0,,"Dallas, TX",ICQA Associate,stay cat walk,benefits starts day1,standing long period times short lunches,0.0,0.0,benefits starts day1 standing long period times short lunches,-0.025,0.35,negative,Glassdoor,,,,,,,,"Burnout, Benefits",Other
99.0,2024-12-27T00:00:00.000Z,2,PART_TIME,Former employees,NEUTRAL,NO_OPINION,NEGATIVE,2.0,5.0,2.0,3.0,,"Greenfield, IN",Sorter Loader,,pay good time accumulating every shift nice,really didn’t care workers worked bathroom breaks like acceptable,3.0,2.0,pay good time accumulating every shift nice really didn’t care workers worked bathroom breaks like acceptable,0.5,0.6,positive,Glassdoor,,,,,,,,,Other
100.0,2024-12-25T00:00:00.000Z,1,REGULAR,"Former employee, less than 1 year",NEGATIVE,DISAPPROVE,NEGATIVE,1.0,5.0,1.0,2.0,,"Orlando, FL",Driver Associate,dont tell incoming employees youll offer bonuses say sike get hired,simple 4 day work week,10 hour shifts deal heat rain,1.0,1.0,simple 4 day work week 10 hour shifts deal heat rain,0.0,0.3571428571,negative,Glassdoor,,,,,,,,,Full-Time Associate
101.0,2024-12-25T00:00:00.000Z,0,PART_TIME,Current employee,POSITIVE,APPROVE,POSITIVE,2.0,4.0,3.0,3.0,,,Associate,,decent pay job nothing crazy,part time get 15 mins break,3.0,2.0,decent pay job nothing crazy part time get 15 mins break,-0.2166666667,0.7833333333,negative,Glassdoor,,,,,,,,,Other
102.0,2024-12-17T00:00:00.000Z,0,REGULAR,Current employee,NAN,NAN,NAN,5.0,5.0,5.0,5.0,,"Scarborough, ON",Warehouse Associate,,gain alot knowledge,ready stand whole shift,5.0,5.0,gain alot knowledge ready stand whole shift,0.2,0.45,positive,Glassdoor,,,,,,,,,Full-Time Associate
103.0,2024-12-17T00:00:00.000Z,20,REGULAR,Current employees,NAN,NAN,POSITIVE,5.0,5.0,5.0,5.0,,"Charleston, TN",Human Resource Associate Partner,,mutiple time options average health insurance options,small department lot room move without moving,5.0,4.0,mutiple time options average health insurance options small department lot room move without moving,-0.2,0.4,negative,Glassdoor,,,,,,,,Benefits,Full-Time Associate
105.0,2024-12-16T00:00:00.000Z,4,REGULAR,Current employees,NAN,NAN,NAN,1.0,1.0,1.0,1.0,,"San Bernardino, CA",Quality Control,,lots overtime worked 60hoursweek,cons pros website doesnt allow copy response,1.0,1.0,lots overtime worked 60hoursweek cons pros website doesnt allow copy response,0.0,0.0,negative,Glassdoor,,,,,,,,,Other
106.0,2024-12-15T00:00:00.000Z,2,PART_TIME,Current employees,POSITIVE,DISAPPROVE,POSITIVE,3.0,4.0,4.0,3.0,,"Sparrows Point, MD",Associate,,freedom opportunities career choice decent pay,physically tiring poor training enough benefits,3.0,3.0,freedom opportunities career choice decent pay physically tiring poor training enough benefits,-0.05833333333,0.4773809524,negative,Glassdoor,,,,,,,,Benefits,Other
108.0,2024-12-14T00:00:00.000Z,2,REGULAR,Current employees,POSITIVE,APPROVE,POSITIVE,3.0,4.0,5.0,4.0,,"St. Thomas, ON",Associate,,good pay rate associates,lot internal politics amazon warehouses,5.0,5.0,good pay rate associates lot internal politics amazon warehouses,0.35,0.3,positive,Glassdoor,,,,,,,,"Infrastructure, Benefits",Full-Time Associate
109.0,2024-12-12T00:00:00.000Z,0,REGULAR,Current employee,NAN,NAN,NAN,0.0,0.0,5.0,0.0,,"Council Bluffs, IA",Associate,,good place start warehouse job,temperature little chilly,0.0,0.0,good place start warehouse job temperature little chilly,-0.02916666667,0.6666666667,negative,Glassdoor,,,,,,,,,Full-Time Associate
110.0,2024-12-11T00:00:00.000Z,2,REGULAR,Former employees,NAN,NAN,NAN,0.0,0.0,3.0,0.0,,"Jeffersonville, IN",ICQA Associate,,pto work every night,lots turn monotonous,0.0,0.0,pto work every night lots turn monotonous,0.0,0.0,negative,Glassdoor,,,,,,,,Benefits,Full-Time Associate
111.0,2024-12-08T00:00:00.000Z,4,REGULAR,Former employees,NAN,NAN,NAN,5.0,5.0,4.0,4.0,,"Goodyear, AZ",Warehouse Worker,,really good benefits,jobs get overwhelming,4.0,5.0,really good benefits jobs get overwhelming,0.6,0.8,positive,Glassdoor,,,,,,,,Benefits,Full-Time Associate
112.0,2024-12-07T00:00:00.000Z,0,REGULAR,Current employee,NAN,NAN,NAN,0.0,0.0,4.0,0.0,,"Leeds, England",Warehouse Associate,,easy much weight handle,long shifts stationed one place,0.0,0.0,easy much weight handle long shifts stationed one place,0.1944444444,0.4777777778,positive,Glassdoor,,,,,,,,Burnout,Full-Time Associate
113.0,2024-12-05T00:00:00.000Z,4,REGULAR,Current employees,NAN,NAN,NEGATIVE,2.0,3.0,3.0,1.0,,"Edmonton, AB",Associate,,good money better average job,favouritism appreciation work you’ll get less work less give,3.0,3.0,good money better average job favouritism appreciation work you’ll get less work less give,0.1433333333,0.3266666667,positive,Glassdoor,,,,,,,,,Full-Time Associate
114.0,2024-12-04T00:00:00.000Z,9,REGULAR,Current employees,POSITIVE,NO_OPINION,POSITIVE,3.0,5.0,3.0,1.0,,"Windsor, CT",Packer,,fast advancements great benefits,high turnover much accountability long hours holiday season,3.0,3.0,fast advancements great benefits high turnover much accountability long hours holiday season,0.262,0.498,positive,Glassdoor,,,,,,,,"Burnout, Benefits",Full-Time Picker/Packer
115.0,2024-12-03T00:00:00.000Z,2,PART_TIME,Current employees,POSITIVE,APPROVE,POSITIVE,3.0,3.0,3.0,3.0,,"Avenel, NJ",FC Associate I,lower rate increase pay give shifts,simple work required,rate per hour slightly unreasonable due fact items heavy total it’s harder walk around pushing heavy cart,3.0,3.0,simple work required rate per hour slightly unreasonable due fact items heavy total it’s harder walk around pushing heavy cart,-0.1130952381,0.3784013605,negative,Glassdoor,,,,,,,,Infrastructure,Other
116.0,2024-12-03T00:00:00.000Z,4,REGULAR,Current employees,NEGATIVE,DISAPPROVE,NEGATIVE,1.0,1.0,1.0,1.0,,"Saint Louis, MO",Inbound Stower,humans lives outside work somebody’s child wife husband father mother grandparent robots machines use toss away whenever feel like us amazon one choices make living families,great benefits flexible lots different positions try incase don’t like main role free holiday meals year come leave work whenever want using unpaid time pto lay school offer career programs although tests get difficult,forced mandatory extra time met 5 days 11 12 hours regular shift 3 days 12 hours get forced cross trained get labor shares different departments wether like position high expectations making “rates” position managers anyone lead positions micromanage breathe neck always getting watched judged everyone shut minimal concern nobody cares care saving behind get hurt well better pray don’t amcare send doctor lie say weren’t hurt don’t pay injury sue departments strict find reasons write use break time get back station sign scan something end break get trouble use break time walking break area far restrooms don’t forget need use break time come back break time you’ll get trouble,1.0,3.0,great benefits flexible lots different positions try incase don’t like main role free holiday meals year come leave work whenever want using unpaid time pto lay school offer career programs although tests get difficult forced mandatory extra time met 5 days 11 12 hours regular shift 3 days 12 hours get forced cross trained get labor shares different departments wether like position high expectations making “rates” position managers anyone lead positions micromanage breathe neck always getting watched judged everyone shut minimal concern nobody cares care saving behind get hurt well better pray don’t amcare send doctor lie say weren’t hurt don’t pay injury sue departments strict find reasons write use break time get back station sign scan something end break get trouble use break time walking break area far restrooms don’t forget need use break time come back break time you’ll get trouble,0.01555555556,0.4190598291,negative,Glassdoor,,,,,,,,"Infrastructure, Management, Benefits",Full-Time Stower
117.0,2024-12-02T00:00:00.000Z,0,REGULAR,Former employee,NAN,NAN,NAN,0.0,0.0,3.0,0.0,,"Orlando, FL",Picker,,lot hard work,care numbers,0.0,0.0,lot hard work care numbers,-0.2916666667,0.5416666667,negative,Glassdoor,,,,,,,,Infrastructure,Full-Time Picker/Packer
118.0,2024-11-30T00:00:00.000Z,2,PART_TIME,Current employees,NAN,APPROVE,POSITIVE,5.0,5.0,5.0,4.0,,"Ottawa, ON",Associate,,good base pay health benefits paid vacation,work heavy sometimes need physical strength,5.0,5.0,good base pay health benefits paid vacation work heavy sometimes need physical strength,-0.075,0.5607142857,negative,Glassdoor,,,,,,,,Benefits,Other
119.0,2024-11-29T00:00:00.000Z,1,REGULAR,"Current employee, less than 1 year",NAN,APPROVE,POSITIVE,0.0,0.0,5.0,5.0,,"Coconut Creek, FL",Picker/Packer,focus employee wellbeing encourage balance productivity employee health consider frequent breaks ergonomic assessments wellness programs,employment stability competitive pay benefits diverse workforce,physical demands management challenges monotonous tasks high turnover rates fast spaced environment,0.0,5.0,employment stability competitive pay benefits diverse workforce physical demands management challenges monotonous tasks high turnover rates fast spaced environment,0.12,0.4276190476,positive,Glassdoor,,,,,,,,"Infrastructure, Management, Benefits",Full-Time Picker/Packer
120.0,2024-11-27T00:00:00.000Z,0,REGULAR,Former employee,NAN,NAN,NAN,0.0,0.0,5.0,0.0,,"Charlotte, NC",Picking Associate,,paid hour u stay long enough u get better pay well least 1,ive heard treat ya like number robot,0.0,0.0,paid hour u stay long enough u get better pay well least 1 ive heard treat ya like number robot,0.0375,0.45,negative,Glassdoor,,,,,,,,Burnout,Full-Time Associate
121.0,2024-11-26T00:00:00.000Z,1,REGULAR,"Former employee, less than 1 year",POSITIVE,NO_OPINION,POSITIVE,3.0,5.0,4.0,2.0,,"Calgary, AB",Dock Worker,,great benefits great people work,work physically demanding,5.0,5.0,great benefits great people work work physically demanding,0.5333333333,0.5476190476,positive,Glassdoor,,,,,,,,"Burnout, Benefits",Full-Time Associate
122.0,2024-11-23T00:00:00.000Z,1,REGULAR,"Former employee, less than 1 year",POSITIVE,APPROVE,POSITIVE,4.0,3.0,4.0,3.0,,"Sioux Falls, SD",Reliability & Maintenance Engineering,,good pay company lovely colleagues,much heat lot noise,4.0,4.0,good pay company lovely colleagues much heat lot noise,0.4666666667,0.5166666667,positive,Glassdoor,,,,,,,,Benefits,Other
123.0,2024-11-20T00:00:00.000Z,0,REGULAR,Former employee,NAN,NAN,NAN,2.0,1.0,2.0,3.0,,"St. Thomas, ON",Warehouse Worker,,good pay nice shift hours,politics partiality play major role,1.0,4.0,good pay nice shift hours politics partiality play major role,0.4541666667,0.7,positive,Glassdoor,,,,,,,,Benefits,Full-Time Associate
124.0,2024-11-19T00:00:00.000Z,2,REGULAR,Former employees,NAN,NAN,NAN,3.0,3.0,3.0,1.0,,"Dartford, England",Warehouse Operative,,flexible working schedules good pay,extremely physical employees treated machine sometimes,3.0,4.0,flexible working schedules good pay extremely physical employees treated machine sometimes,0.35,0.3714285714,positive,Glassdoor,,,,,,,,Benefits,Other
125.0,2024-11-18T00:00:00.000Z,0,REGULAR,Former employee,NAN,NAN,NAN,1.0,1.0,1.0,1.0,,"Ottawa, ON",Warehouse Associate,treat associates respect dignity foster supportive environment especially challenging times ensure fair treatment employees including dealing workrelated injuries,good benefits valuable working experience opportunities learn grow,poor management support lack understanding personal hardships unfair treatment injured job highpressure environment unrealistic expectations times,1.0,1.0,good benefits valuable working experience opportunities learn grow poor management support lack understanding personal hardships unfair treatment injured job highpressure environment unrealistic expectations times,-0.14,0.7,negative,Glassdoor,,,,,,,,"Infrastructure, Management, Benefits",Full-Time Associate
126.0,2026-03-14T00:00:00.000Z,3+,REGULAR,former employee,NEUTRAL,NEUTRAL,POSITIVE,4.0,4.0,5.0,5.0,5.0,"Charlotte, NC",Warehouse Associate,communicate employees,,airconditioning,4.0,5.0,airconditioning,0.0,0.0,negative,Glassdoor,,,,,,,,,Full-Time Associate
127.0,2026-03-08T00:00:00.000Z,3+,REGULAR,Former employee,NEUTRAL,POSITIVE,POSITIVE,3.0,5.0,5.0,5.0,5.0,"Moreland, GA",Associate,listen employees give 5 minute grace periods every employee robot,great benefits decent pay flexible schedules,management unfair work like robot wear tear body,5.0,5.0,great benefits decent pay flexible schedules management unfair work like robot wear tear body,0.1555555556,0.8055555556,positive,Glassdoor,,,,,,,,"Burnout, Management, Benefits",Full-Time Associate
128.0,2026-03-26T00:00:00.000Z,<1,REGULAR,Current Employee,NAN,POSITIVE,POSITIVE,3.0,5.0,4.0,2.0,5.0,"Revere, MA",Associate,,clear expectations education benefits schedule flexibility,strict metrics physical toll limited interaction safety risks,3.0,3.0,clear expectations education benefits schedule flexibility strict metrics physical toll limited interaction safety risks,0.009523809524,0.223015873,negative,Glassdoor,,,,,,,,"Infrastructure, Benefits",Full-Time Associate
129.0,2026-03-10T00:00:00.000Z,,REGULAR,Former Employee,POSITIVE,NEGATIVE,NEGATIVE,1.0,4.0,1.0,1.0,1.0,"Springdale, OH",Process Assitant,,good pay,enough therapy,1.0,4.0,good pay enough therapy,0.35,0.55,positive,Glassdoor,,,,,,,,Benefits,Other
130.0,2026-03-03T00:00:00.000Z,,REGULAR,Current Employee,NAN,NAN,NAN,,,3.0,,,"Cambridge, ON",Associate,,good benefits,environment sucks,,,good benefits environment sucks,0.2,0.45,positive,Glassdoor,,,,,,,,"Infrastructure, Benefits",Full-Time Associate
131.0,2026-03-03T00:00:00.000Z,3+,REGULAR,Former employee,NAN,NAN,NAN,,,4.0,,,"Huntington Beach, CA",Associate,,crazy requirements,strict time rules,,,crazy requirements strict time rules,-0.6,0.9,negative,Glassdoor,,,,,,,,Infrastructure,Full-Time Associate
132.0,2026-02-27T00:00:00.000Z,,REGULAR,Former Employee,NAN,NAN,NAN,,,3.0,,,"Coventry, England",Associate,,good pay flexible hours,difficult getting transfer,,,good pay flexible hours difficult getting transfer,0.1,0.8,negative,Glassdoor,,,,,,,,Benefits,Full-Time Associate
133.0,2026-02-25T00:00:00.000Z,<1,SEASONAL,Former Employee,NEUTRAL,NEUTRAL,POSITIVE,4.0,5.0,4.0,3.0,5.0,"Etna, OH",Associate,,good pay time,feet majority day work slow,4.0,4.0,good pay time feet majority day work slow,0.2,0.5,positive,Glassdoor,,,,,,,,Benefits,Other
134.0,2026-02-09T00:00:00.000Z,3+,CONTRACT,Former Employee,NAN,NAN,NAN,2.0,3.0,3.0,4.0,2.0,"Stockton, CA",Associate,one clear source truth goals,many schedule options easy work based dept good pas ams werent bothering workers much,schedules based demand repetitive work becomes boring lots miscommunication,2.0,2.0,many schedule options easy work based dept good pas ams werent bothering workers much schedules based demand repetitive work becomes boring lots miscommunication,0.09722222222,0.5638888889,negative,Glassdoor,,,,,,,,"Burnout, Management",Other
135.0,2026-02-05T00:00:00.000Z,<1,REGULAR,Former Employee,NEGATIVE,NEGATIVE,NEGATIVE,1.0,2.0,1.0,1.0,4.0,"Chicago, IL",Associate,stop dirty carry company demands,flexible hours,hostile environment dirty managers team leads,1.0,1.0,flexible hours hostile environment dirty managers team leads,-0.6,0.8,negative,Glassdoor,,,,,,,,"Infrastructure, Management",Full-Time Associate
136.0,2026-02-04T00:00:00.000Z,<1,REGULAR,Former employee,NEGATIVE,NEGATIVE,NEGATIVE,1.0,3.0,3.0,3.0,4.0,"San Diego, CA",Associate,empathetic manage,stable hours great career pursuing academics pay goes every 6 months,management sometimes lack empathy lack upward mobility management sees number,1.0,3.0,stable hours great career pursuing academics pay goes every 6 months management sometimes lack empathy lack upward mobility management sees number,0.8,0.75,positive,Glassdoor,,,,,,,,Management,Full-Time Associate
137.0,2026-01-31T00:00:00.000Z,<1,REGULAR,Former Employee,NAN,NAN,NAN,,,5.0,,,"Hamilton, ON",Associate,,good pay ot,fast pace work long hours,,,good pay ot fast pace work long hours,0.2833333333,0.5333333333,positive,Glassdoor,,,,,,,,"Burnout, Benefits",Full-Time Associate
138.0,2026-01-29T00:00:00.000Z,3+,REGULAR,Current Employee,POSITIVE,NEUTRAL,POSITIVE,2.0,5.0,4.0,3.0,4.0,"Charlotte, NC",Associate,get closer eith people bellow,good pay opportunities growth,long hours mandatory ot peak seasons,4.0,5.0,good pay opportunities growth long hours mandatory ot peak seasons,0.325,0.5,positive,Glassdoor,,,,,,,,"Burnout, Benefits",Full-Time Associate
139.0,2026-01-28T00:00:00.000Z,,REGULAR,Former Employee,NAN,NAN,NAN,,,5.0,,,,Area Manager,,pay amazing balanced,work load demanding,,,pay amazing balanced work load demanding,0.6,0.9,positive,Glassdoor,,,,,,,,Burnout,Management
140.0,2026-01-28T00:00:00.000Z,,REGULAR,Former Employee,NAN,NAN,NAN,,,4.0,,,"Sacramento, CA",Associate,,work straightforward easy pick,shifts hours change depending demand making hard work around,,,work straightforward easy pick shifts hours change depending demand making hard work around,0.1722222222,0.5833333333,positive,Glassdoor,,,,,,,,,Full-Time Associate
141.0,2026-01-27T00:00:00.000Z,8+,REGULAR,Current Employee,NAN,NAN,NAN,,,4.0,,,"Houston, TX",Area Manager,,pay development learning different roles people oriented,work life balance hours worked hc stressful underperforming leader,,,pay development learning different roles people oriented work life balance hours worked hc stressful underperforming leader,0.0,0.6,negative,Glassdoor,,,,,,,,Burnout,Management
,,,,,,,,,,,,,,,,,,,,getting 430 morning sometimes 5 working overtime brutal man im getting home time everybodys already asleep time feel really get enjoy day time hit six seven hour mark shift youre already ready leave said earlier really want leave early youre sacrificing much pto keep mind terms breaks workget two 30 minute breaks usually first one 10 hour mark either 1000 1000 pm second one 2 mark 2 pm mark depends shift know around time departments dont really care time gokind go whenever know departments strict want go specific times would ask manager see say 30 minutes sounds long time actually try go something break theres food spots within15 minutes facility work time actually go get food come back youre already looking 45 minutes plus,0.0515625,0.2911458333,negative,YouTube,1.0,https://youtu.be/Z6LBZoNx9bw?si=P6X0-GY4Quvj84wP,Oct 2025,"2,541",57.0,11.0,"It's just getting off at like 4:30 in the morning,
sometimes 5 ifworking overtime, is just brutal, man. Like,like getting home by the time everybody's already asleep. So, the only time I feel like I
really get to enjoy my day is my off day. Um, and then if it's not that, like by the time you hit the six to seven hour mark in the shift, you're just
already so ready to leave. And then, as I said earlier, like if you really want to leave out early, you're sacrificing so much of your PTO just to do so. So,
keep that in mind. In terms of how the breaks work, um, you get two 30 minute
breaks. Um, usually the first one is at the 10hour mark, so either 10:00 a.m. or
10:00 p.m. And then the second one is at the 2 a.m. mark or the 2 p.m. mark.
Depends on your shift. I know it's around that time. Um, some departments, they don't really care what time you go. Like for me, I kind of just go whenever,
but I know other departments are more strict and they want you to go at those specific times. So, I would just ask your manager about it and see what they
say. 30 minutes sounds like a long time until you actually try to go do something on your break. Like there's no food spots within like 15 minutes of the
facility that I work at. So by the time you actually go get food and come back,
you're already looking at like 45 minutes plus.","Burnout, Infrastructure, Benefits",Other
,,,,,,,,,,,,,,,,,,,,10 hour shift couldnt feel legs really think joke dead ass carried 400 packages walked least three miles talking break 10 hours straight slavery could use bathroom even bathroom breaks timed got serious got point thought legal robot working warehouse job know know,-0.03888888889,0.3777777778,negative,YouTube,2.0,https://youtu.be/bmvM_1yzB1g?si=U5h0VjCKZKfhmk9v,February 2026,1711,54.0,30.0,"After this 10-hour shift, I couldn't feel my legs. You really think it's a joke? But I dead ass carried 400 packages and walked at least three
miles. Andtalking about no break. I was there for 10 hours straight on some slavery. All I could do was use the
bathroom. And even my bathroom breaks were timed. It got serious. It got to the point where I thought about, is this
legal? Am I a robot? Working a warehouse job is not it. And if you know, you
know.",Burnout,Other
,,,,,,,,,,,,,,,,,,,,job picking go around warehouse pick goods purchased amazons customers learn layout building also youre used walking lot walk 10 15 kilometers day also need give body time obviously depends health know healthier quicker youre going get speed things also know motivation motivated know know meet targets obviously work certain pace certain speed important youre motivated also long hours shift could last know 10 half 11 half hours depending demand,0.04947089947,0.4380952381,negative,YouTube,3.0,https://youtu.be/MMrH90TzAvo?si=pWwp1Xnex1x6RJjd,Mar 2026,9,0.0,0.0," So if you do a job like picking where you have to go around the warehouse to uh pick uh goods that were purchased by Amazon's customers, you
have to learn the layout of the building and also you have to if if you're not used to walking a lot like you have to walk between 10 to 15 kilometers a day.
You also uh need to give your body some time. Obviously that depends on your health. you know, the healthier you are,
the quicker you're going to get up to speed with it with things. And also, you know, the motivation. So, how motivated you are to, you know,
you know, meet the targets because obviously you do have to work at a certain pace, at a certain speed. So,
it's very important that you're motivated and also it's long hours. So,
a shift could last, you know, between 10 and a half to 11 and a half hours depending on demand.","Burnout, Infrastructure",Other
,,,,,,,,,,,,,,,,,,,,number three number three way learn survive working amazon learn navigate toz app toz app app everyone access become employee amazon literally everything need app youre going go want call request time want use vacation time want use paid time want keep track unpaid time find stuff also sign medical benefits also sign 401k package mean also see extras discounts amazon offers theres many things tell everyone make sure youre getting familiar toz app could really difference whether youre going stay amazon leave amazon lot people dont take advantage app dont really know whats couple things thats game changer inside toz app personally career choice know lot foreigners inside country people maybe couple months one year two years,0.1238636364,0.3705808081,positive,YouTube,4.0,https://youtu.be/OremfN7DCXk?si=G1plTTnjxHk5uhHG,Jan 2025,4128,203.0,36.0,"number three number three way to learn
how to or to survive working at Amazon
is to learn how to navigate the A toz
app the A toz app is a app that everyone
has access to once you become an
employee at Amazon it literally has
everything on there that you need from
this is the app that you're going to go
to when you want to call out request
time off if you want to use vacation
time if you want to use some paid time
off if you want to keep track of your
upt which is unpaid time this is where
you find all that stuff at also this is
where you sign up for your medical
benefits this is also where you sign up
for your 401k package I mean you can
also see what extras and discounts
Amazon offers there's just so many
things like I tell everyone make sure
you're getting familiar with this a toz
app because this could really be the
difference in whether you're going to
stay at Amazon or leave Amazon a lot of
people don't take advantage of the app
and they don't really know what's in
there but a couple of things that's a
game changer inside of the A toz app for
me personally is the career choice as
you know we have a lot of foreigners
that are inside the country so we have
people that maybe only been here a couple months one year two years",Benefits,Other
,,,,,,,,,,,,,,,,,,,,work okay warehouse recently changed number packages youre supposed store per hour 300 packages per hour say youre supposed store minimum seven packages per minutesure know youre supposed store least 300 per hour know youre trying store fast get store rating focus body posture tell bags hardest store bend back hurts back honestly youre stirring would advise focus posture important dont youre going one feel youre going one suffer okay take body posture take body posture seriously know easy youre trying stop fast youre trying get stories youre going one feel end day storing packages bags hardest,0.1833333333,0.5208333333,positive,YouTube,5.0,https://youtu.be/8oKUMyq9Wi0?si=O4R5UWAAMuxeiDlx,Nov 2021,5982,209.0,64.0,"which i work okay so in our warehouse they recently changed the number of packages you're
supposed to store per hour to 300 packages per hour which is to say you're supposed to store minimum of seven packages per minutenot sure but i
know you're supposed to store at least 300 per hour and you know when you're trying to store very fast so you can get
your store rating up there you will not focus on your body posture so i will tell you that those bags below are the hardest to store because you have to
bend your back and that hurts the back honestly so if you're stirring and i would advise you to on to focus on your
posture because it is very important if you don't you're going to be the one to feel it you're going to be the one to suffer it okay so do not take your body
posture um take your body posture seriously and i know it is not easy when you're trying to stop very fast and you're trying to get your stories up
there but again you're going to be the one to feel it at the end of the day so storing packages down
those bags below is the hardest ",,Other
,,,,,,,,,,,,,,,,,,,,pretty much packers get items scanning items sending simple work knowsaying describe job pretty much fast paced cashier keep going dont stop pretty much nonstop cashier knowmoving fast hell right yeah package get stuff guy scanning items sending stuff yeah pretty much obviously pack got boxes well position pack boxes overall simple job time consuming 10 hours know saying cant sit got stand whole time mean still get yellow tote whatever,0.1233258929,0.52734375,positive,YouTube,6.0,https://youtu.be/_H2LuAJEd1M?si=kBaDSmLWOYO95zDE,April 2024,42,5.0,0.0,"So, pretty much whatdoing here,this is where all the packers get their items from. Um, just scanning the items and sending them down. Simple work. You
know whatsaying? If I can describe this job, it's pretty much like a fastpaced cashier. You just keep going.
Don't stop. It's pretty much what it is.
Like a non-stop cashier. I knowmoving fast as hell right here. But yeah, this is how all the package get all this
stuff from this guy just scanning items and sending stuff down. So yeah, so pretty much all we do there obviously we
pack got boxes. Well, my position I just pack boxes. Overall it's a simple job.
It's just time consuming being there for 10 hours. You know whatsaying? And you can't sit down. You got to stand up whole time. Like I mean I do sit down
like I'll get like a yellow tote or whatever ",,Other
